"mic";"symbol";"isin";"date";"trading_model_id";"open_price";"high_price";"low_price";"last_price";"vwap_price";"change_prev_close_percentage";"num_trades";"volume";"turnover";"price_currency";"turnover_currency"
"XLJU";"PETG";"SI0031102153";"2018-12-28";"CT";308,00;310,00;306,00;310,00;308,97489539749;2,31;25;717,00000;221535,00;"EUR";"EUR"
"XLJU";"PETG";"SI0031102153";"2018-12-27";"CT";308,00;311,00;303,00;303,00;306,40691192865;-1,62;36;897,00000;274847,00;"EUR";"EUR"
"XLJU";"PETG";"SI0031102153";"2018-12-21";"CT";308,00;309,00;302,00;308,00;304,97368421053;0,00;22;190,00000;57945,00;"EUR";"EUR"
"XLJU";"PETG";"SI0031102153";"2018-12-20";"CT";311,00;311,00;305,00;308,00;309,06201044386;-0,65;36;1532,00000;473483,00;"EUR";"EUR"
"XLJU";"PETG";"SI0031102153";"2018-12-20";"BLOCK";;308,00;308,00;308,00;308,00000000000;;1;1500,00000;462000,00;"EUR";"EUR"
"XLJU";"PETG";"SI0031102153";"2018-12-19";"CT";313,00;315,00;310,00;310,00;312,11676646707;-0,96;24;334,00000;104247,00;"EUR";"EUR"
"XLJU";"PETG";"SI0031102153";"2018-12-18";"CT";314,00;316,00;312,00;313,00;313,46109510086;0,32;21;347,00000;108771,00;"EUR";"EUR"
"XLJU";"PETG";"SI0031102153";"2018-12-17";"CT";312,00;316,00;312,00;312,00;313,83040935673;-1,27;18;171,00000;53665,00;"EUR";"EUR"
"XLJU";"PETG";"SI0031102153";"2018-12-14";"CT";320,00;320,00;313,00;316,00;314,47729789590;0,96;111;903,00000;283973,00;"EUR";"EUR"
"XLJU";"PETG";"SI0031102153";"2018-12-13";"CT";316,00;316,00;313,00;313,00;314,48419721871;-0,63;25;791,00000;248757,00;"EUR";"EUR"
"XLJU";"PETG";"SI0031102153";"2018-12-12";"CT";318,00;318,00;315,00;315,00;316,79178082192;-1,56;13;365,00000;115629,00;"EUR";"EUR"
"XLJU";"PETG";"SI0031102153";"2018-12-11";"CT";319,00;320,00;316,00;320,00;317,11206896552;1,27;10;116,00000;36785,00;"EUR";"EUR"
"XLJU";"PETG";"SI0031102153";"2018-12-10";"CT";320,00;325,00;316,00;316,00;318,64772727273;-2,77;29;176,00000;56082,00;"EUR";"EUR"
"XLJU";"PETG";"SI0031102153";"2018-12-07";"CT";321,00;327,00;321,00;325,00;325,94230769231;-0,61;5;52,00000;16949,00;"EUR";"EUR"
"XLJU";"PETG";"SI0031102153";"2018-12-06";"CT";321,00;328,00;321,00;327,00;324,60473588342;0,00;14;549,00000;178208,00;"EUR";"EUR"
"XLJU";"PETG";"SI0031102153";"2018-12-05";"CT";324,00;327,00;320,00;327,00;321,37056737589;0,62;22;564,00000;181253,00;"EUR";"EUR"
"XLJU";"PETG";"SI0031102153";"2018-12-04";"CT";322,00;325,00;320,00;325,00;321,46330275229;0,93;11;218,00000;70079,00;"EUR";"EUR"
"XLJU";"PETG";"SI0031102153";"2018-12-03";"CT";321,00;322,00;321,00;322,00;321,84126984127;0,00;12;189,00000;60828,00;"EUR";"EUR"
"XLJU";"PETG";"SI0031102153";"2018-11-30";"CT";322,00;322,00;321,00;322,00;321,85401459854;0,63;8;137,00000;44094,00;"EUR";"EUR"
"XLJU";"PETG";"SI0031102153";"2018-11-29";"CT";322,00;322,00;320,00;320,00;321,56593406593;-2,14;12;182,00000;58525,00;"EUR";"EUR"
"XLJU";"PETG";"SI0031102153";"2018-11-28";"CT";324,00;327,00;321,00;327,00;324,58750000000;0,62;11;160,00000;51934,00;"EUR";"EUR"
"XLJU";"PETG";"SI0031102153";"2018-11-27";"CT";320,00;325,00;320,00;325,00;324,34456928839;0,31;15;1068,00000;346400,00;"EUR";"EUR"
"XLJU";"PETG";"SI0031102153";"2018-11-26";"CT";325,00;328,00;324,00;324,00;324,08837209302;-1,22;14;215,00000;69679,00;"EUR";"EUR"
"XLJU";"PETG";"SI0031102153";"2018-11-23";"CT";324,00;328,00;323,00;328,00;324,17300613497;1,23;15;815,00000;264201,00;"EUR";"EUR"
"XLJU";"PETG";"SI0031102153";"2018-11-22";"CT";319,00;324,00;319,00;324,00;320,70318352060;1,25;15;1068,00000;342511,00;"EUR";"EUR"
"XLJU";"PETG";"SI0031102153";"2018-11-21";"CT";316,00;323,00;316,00;320,00;320,26802585778;-0,62;24;2011,00000;644059,00;"EUR";"EUR"
"XLJU";"PETG";"SI0031102153";"2018-11-20";"CT";320,00;322,00;318,00;322,00;320,03544303797;0,31;17;1580,00000;505656,00;"EUR";"EUR"
"XLJU";"PETG";"SI0031102153";"2018-11-20";"BLOCK";;320,00;320,00;320,00;320,00000000000;;1;500,00000;160000,00;"EUR";"EUR"
"XLJU";"PETG";"SI0031102153";"2018-11-19";"CT";323,00;324,00;319,00;321,00;321,26857142857;0,31;10;175,00000;56222,00;"EUR";"EUR"
"XLJU";"PETG";"SI0031102153";"2018-11-16";"CT";318,00;324,00;318,00;320,00;319,79715302491;0,00;22;281,00000;89863,00;"EUR";"EUR"
"XLJU";"PETG";"SI0031102153";"2018-11-15";"CT";320,00;321,00;320,00;320,00;320,19036144578;0,31;17;1245,00000;398637,00;"EUR";"EUR"
"XLJU";"PETG";"SI0031102153";"2018-11-14";"CT";320,00;320,00;319,00;319,00;319,06172839506;-0,31;5;81,00000;25844,00;"EUR";"EUR"
"XLJU";"PETG";"SI0031102153";"2018-11-13";"CT";319,00;321,00;319,00;320,00;320,06091370558;-0,31;15;394,00000;126104,00;"EUR";"EUR"
"XLJU";"PETG";"SI0031102153";"2018-11-12";"CT";323,00;323,00;320,00;321,00;321,45679012346;0,31;10;162,00000;52076,00;"EUR";"EUR"
"XLJU";"PETG";"SI0031102153";"2018-11-09";"CT";320,00;322,00;319,00;320,00;320,08796296296;0,31;15;216,00000;69139,00;"EUR";"EUR"
"XLJU";"PETG";"SI0031102153";"2018-11-08";"CT";318,00;323,00;318,00;319,00;320,31343283582;0,31;14;268,00000;85844,00;"EUR";"EUR"
"XLJU";"PETG";"SI0031102153";"2018-11-07";"CT";318,00;319,00;317,00;318,00;318,86996904025;1,60;11;323,00000;102995,00;"EUR";"EUR"
"XLJU";"PETG";"SI0031102153";"2018-11-06";"CT";318,00;319,00;313,00;313,00;317,93837535014;-1,88;14;357,00000;113504,00;"EUR";"EUR"
"XLJU";"PETG";"SI0031102153";"2018-11-05";"CT";320,00;323,00;319,00;319,00;320,13970588235;-0,31;12;136,00000;43539,00;"EUR";"EUR"
"XLJU";"PETG";"SI0031102153";"2018-11-02";"CT";324,00;325,00;320,00;320,00;322,96969696970;2,89;7;33,00000;10658,00;"EUR";"EUR"
"XLJU";"PETG";"SI0031102153";"2018-10-30";"CT";312,00;318,00;307,00;311,00;310,75714285714;-1,58;23;210,00000;65259,00;"EUR";"EUR"
"XLJU";"PETG";"SI0031102153";"2018-10-30";"BLOCK";;311,00;311,00;311,00;311,00000000000;;1;419,00000;130309,00;"EUR";"EUR"
"XLJU";"PETG";"SI0031102153";"2018-10-29";"CT";315,00;318,00;311,00;316,00;315,68029739777;-2,77;22;269,00000;84918,00;"EUR";"EUR"
"XLJU";"PETG";"SI0031102153";"2018-10-26";"CT";319,00;325,00;319,00;325,00;320,69470404984;0,93;12;321,00000;102943,00;"EUR";"EUR"
"XLJU";"PETG";"SI0031102153";"2018-10-25";"CT";319,00;323,00;319,00;322,00;320,44502617801;0,63;8;191,00000;61205,00;"EUR";"EUR"
"XLJU";"PETG";"SI0031102153";"2018-10-24";"CT";318,00;320,00;314,00;320,00;318,96153846154;0,00;13;260,00000;82930,00;"EUR";"EUR"
"XLJU";"PETG";"SI0031102153";"2018-10-23";"CT";319,00;323,00;314,00;320,00;319,46278317152;0,00;24;618,00000;197428,00;"EUR";"EUR"
"XLJU";"PETG";"SI0031102153";"2018-10-22";"CT";321,00;321,00;320,00;320,00;320,00914076782;-1,54;11;547,00000;175045,00;"EUR";"EUR"
"XLJU";"PETG";"SI0031102153";"2018-10-19";"CT";321,00;326,00;320,00;325,00;321,40816326531;0,00;11;98,00000;31498,00;"EUR";"EUR"
"XLJU";"PETG";"SI0031102153";"2018-10-18";"CT";328,00;328,00;322,00;325,00;324,93714285714;0,00;12;175,00000;56864,00;"EUR";"EUR"
"XLJU";"PETG";"SI0031102153";"2018-10-17";"CT";330,00;330,00;323,00;325,00;325,31978798587;-1,52;23;566,00000;184131,00;"EUR";"EUR"
"XLJU";"PETG";"SI0031102153";"2018-10-16";"CT";333,00;333,00;330,00;330,00;330,72777777778;-1,20;12;180,00000;59531,00;"EUR";"EUR"
"XLJU";"PETG";"SI0031102153";"2018-10-15";"CT";330,00;334,00;330,00;334,00;332,26086956522;-0,30;7;69,00000;22926,00;"EUR";"EUR"
"XLJU";"PETG";"SI0031102153";"2018-10-12";"CT";329,00;335,00;329,00;335,00;334,03846153846;0,60;5;130,00000;43425,00;"EUR";"EUR"
"XLJU";"PETG";"SI0031102153";"2018-10-11";"CT";330,00;341,00;328,00;333,00;333,95070422535;0,60;29;568,00000;189684,00;"EUR";"EUR"
"XLJU";"PETG";"SI0031102153";"2018-10-11";"BLOCK";;331,00;331,00;331,00;331,00000000000;;1;900,00000;297900,00;"EUR";"EUR"
"XLJU";"PETG";"SI0031102153";"2018-10-10";"CT";334,00;334,00;331,00;331,00;332,50000000000;-1,19;4;24,00000;7980,00;"EUR";"EUR"
"XLJU";"PETG";"SI0031102153";"2018-10-09";"CT";335,00;337,00;335,00;335,00;335,58730158730;-0,59;13;63,00000;21142,00;"EUR";"EUR"
"XLJU";"PETG";"SI0031102153";"2018-10-08";"CT";339,00;339,00;335,00;337,00;336,88405797101;-0,59;7;69,00000;23245,00;"EUR";"EUR"
"XLJU";"PETG";"SI0031102153";"2018-10-05";"CT";336,00;339,00;333,00;339,00;336,50000000000;0,00;10;48,00000;16152,00;"EUR";"EUR"
"XLJU";"PETG";"SI0031102153";"2018-10-04";"CT";337,00;339,00;337,00;339,00;337,15384615385;-0,29;2;65,00000;21915,00;"EUR";"EUR"
"XLJU";"PETG";"SI0031102153";"2018-10-03";"CT";337,00;340,00;337,00;340,00;338,90000000000;1,49;4;20,00000;6778,00;"EUR";"EUR"
"XLJU";"PETG";"SI0031102153";"2018-10-02";"CT";338,00;338,00;334,00;335,00;335,71568627451;-0,89;10;102,00000;34243,00;"EUR";"EUR"
"XLJU";"PETG";"SI0031102153";"2018-10-01";"CT";338,00;339,00;338,00;338,00;338,69230769231;-0,29;4;39,00000;13209,00;"EUR";"EUR"
"XLJU";"PETG";"SI0031102153";"2018-09-28";"CT";338,00;339,00;335,00;339,00;338,24615384615;0,30;6;65,00000;21986,00;"EUR";"EUR"
"XLJU";"PETG";"SI0031102153";"2018-09-27";"CT";335,00;338,00;335,00;338,00;337,42857142857;0,00;6;63,00000;21258,00;"EUR";"EUR"
"XLJU";"PETG";"SI0031102153";"2018-09-26";"CT";337,00;338,00;333,00;338,00;334,38873626374;-0,29;30;728,00000;243435,00;"EUR";"EUR"
"XLJU";"PETG";"SI0031102153";"2018-09-25";"CT";342,00;342,00;338,00;339,00;339,33084577114;-1,45;15;402,00000;136411,00;"EUR";"EUR"
"XLJU";"PETG";"SI0031102153";"2018-09-24";"CT";339,00;346,00;336,00;344,00;339,64705882353;-0,58;19;204,00000;69288,00;"EUR";"EUR"
"XLJU";"PETG";"SI0031102153";"2018-09-21";"CT";340,00;346,00;340,00;346,00;342,61904761905;1,76;7;63,00000;21585,00;"EUR";"EUR"
"XLJU";"PETG";"SI0031102153";"2018-09-20";"CT";340,00;340,00;340,00;340,00;340,00000000000;-2,02;2;6,00000;2040,00;"EUR";"EUR"
"XLJU";"PETG";"SI0031102153";"2018-09-19";"CT";342,00;347,00;339,00;347,00;346,23283582090;1,46;9;335,00000;115988,00;"EUR";"EUR"
"XLJU";"PETG";"SI0031102153";"2018-09-19";"BLOCK";;339,00;339,00;339,00;339,00000000000;;1;440,00000;149160,00;"EUR";"EUR"
"XLJU";"PETG";"SI0031102153";"2018-09-18";"CT";339,00;342,00;339,00;342,00;339,60000000000;0,88;8;45,00000;15282,00;"EUR";"EUR"
"XLJU";"PETG";"SI0031102153";"2018-09-17";"CT";342,00;342,00;338,00;339,00;339,85792349727;-0,29;19;366,00000;124388,00;"EUR";"EUR"
"XLJU";"PETG";"SI0031102153";"2018-09-14";"CT";340,00;344,00;340,00;340,00;341,77777777778;0,00;5;27,00000;9228,00;"EUR";"EUR"
"XLJU";"PETG";"SI0031102153";"2018-09-13";"CT";341,00;341,00;340,00;340,00;340,43820224719;-0,58;26;267,00000;90897,00;"EUR";"EUR"
"XLJU";"PETG";"SI0031102153";"2018-09-12";"CT";342,00;342,00;341,00;342,00;341,99203187251;-0,58;9;251,00000;85840,00;"EUR";"EUR"
"XLJU";"PETG";"SI0031102153";"2018-09-11";"CT";345,00;345,00;343,00;344,00;343,68382352941;-1,43;8;136,00000;46741,00;"EUR";"EUR"
"XLJU";"PETG";"SI0031102153";"2018-09-10";"CT";348,00;349,00;342,00;349,00;346,93333333333;0,29;13;105,00000;36428,00;"EUR";"EUR"
"XLJU";"PETG";"SI0031102153";"2018-09-07";"CT";345,00;348,00;345,00;348,00;347,47058823529;0,87;2;17,00000;5907,00;"EUR";"EUR"
"XLJU";"PETG";"SI0031102153";"2018-09-06";"CT";344,00;345,00;344,00;345,00;344,77551020408;0,00;5;49,00000;16894,00;"EUR";"EUR"
"XLJU";"PETG";"SI0031102153";"2018-09-05";"CT";346,00;346,00;344,00;345,00;345,07741935484;-0,86;8;155,00000;53487,00;"EUR";"EUR"
"XLJU";"PETG";"SI0031102153";"2018-09-04";"CT";348,00;349,00;345,00;348,00;348,18348623853;0,00;10;218,00000;75904,00;"EUR";"EUR"
"XLJU";"PETG";"SI0031102153";"2018-09-03";"CT";342,00;349,00;340,00;348,00;347,93925925926;1,75;18;675,00000;234859,00;"EUR";"EUR"
"XLJU";"PETG";"SI0031102153";"2018-09-03";"BLOCK";;350,00;350,00;350,00;350,00000000000;;1;420,00000;147000,00;"EUR";"EUR"
"XLJU";"PETG";"SI0031102153";"2018-08-31";"CT";341,00;346,00;341,00;342,00;344,03846153846;-0,87;5;26,00000;8945,00;"EUR";"EUR"
"XLJU";"PETG";"SI0031102153";"2018-08-30";"CT";346,00;349,00;345,00;345,00;347,10000000000;0,00;6;70,00000;24297,00;"EUR";"EUR"
"XLJU";"PETG";"SI0031102153";"2018-08-30";"BLOCK";;350,00;350,00;350,00;350,00000000000;;1;400,00000;140000,00;"EUR";"EUR"
"XLJU";"PETG";"SI0031102153";"2018-08-29";"CT";346,00;347,00;345,00;345,00;346,11920529801;0,88;9;151,00000;52264,00;"EUR";"EUR"
"XLJU";"PETG";"SI0031102153";"2018-08-29";"BLOCK";;350,00;350,00;350,00;350,00000000000;;1;375,00000;131250,00;"EUR";"EUR"
"XLJU";"PETG";"SI0031102153";"2018-08-28";"CT";342,00;342,00;342,00;342,00;342,00000000000;-1,44;3;37,00000;12654,00;"EUR";"EUR"
"XLJU";"PETG";"SI0031102153";"2018-08-27";"CT";341,00;347,00;341,00;347,00;345,00641025641;0,87;8;156,00000;53821,00;"EUR";"EUR"
"XLJU";"PETG";"SI0031102153";"2018-08-24";"CT";342,00;345,00;342,00;344,00;344,32342007435;0,88;17;269,00000;92623,00;"EUR";"EUR"
"XLJU";"PETG";"SI0031102153";"2018-08-23";"CT";340,00;341,00;338,00;341,00;338,14657980456;0,89;18;307,00000;103811,00;"EUR";"EUR"
"XLJU";"PETG";"SI0031102153";"2018-08-22";"CT";340,00;340,00;338,00;338,00;338,19099590723;-2,03;16;733,00000;247894,00;"EUR";"EUR"
"XLJU";"PETG";"SI0031102153";"2018-08-21";"CT";339,00;345,00;338,00;345,00;339,75406871609;1,77;27;553,00000;187884,00;"EUR";"EUR"
"XLJU";"PETG";"SI0031102153";"2018-08-21";"BLOCK";;338,00;338,00;338,00;338,00000000000;;1;1595,00000;539110,00;"EUR";"EUR"
"XLJU";"PETG";"SI0031102153";"2018-08-20";"CT";342,00;344,00;339,00;339,00;341,10071942446;-0,29;16;139,00000;47413,00;"EUR";"EUR"
"XLJU";"PETG";"SI0031102153";"2018-08-20";"BLOCK";;345,00;345,00;345,00;345,00000000000;;1;391,00000;134895,00;"EUR";"EUR"
"XLJU";"PETG";"SI0031102153";"2018-08-17";"CT";339,00;340,00;339,00;340,00;339,09090909091;0,00;4;11,00000;3730,00;"EUR";"EUR"
"XLJU";"PETG";"SI0031102153";"2018-08-16";"CT";341,00;343,00;340,00;340,00;340,62244897959;-0,29;25;294,00000;100143,00;"EUR";"EUR"
"XLJU";"PETG";"SI0031102153";"2018-08-14";"CT";347,00;347,00;341,00;341,00;345,06374501992;-1,73;30;251,00000;86611,00;"EUR";"EUR"
"XLJU";"PETG";"SI0031102153";"2018-08-14";"BLOCK";;341,00;341,00;341,00;341,00000000000;;1;1000,00000;341000,00;"EUR";"EUR"
"XLJU";"PETG";"SI0031102153";"2018-08-13";"CT";347,00;349,00;346,00;347,00;348,86702127660;-1,14;10;188,00000;65587,00;"EUR";"EUR"
"XLJU";"PETG";"SI0031102153";"2018-08-13";"BLOCK";;345,00;345,00;345,00;345,00000000000;;1;800,00000;276000,00;"EUR";"EUR"
"XLJU";"PETG";"SI0031102153";"2018-08-10";"CT";350,00;351,00;349,00;351,00;350,53513513514;0,57;8;185,00000;64849,00;"EUR";"EUR"
"XLJU";"PETG";"SI0031102153";"2018-08-09";"CT";348,00;350,00;348,00;349,00;349,35014005602;-0,29;20;357,00000;124718,00;"EUR";"EUR"
"XLJU";"PETG";"SI0031102153";"2018-08-08";"CT";350,00;350,00;348,00;350,00;349,18937644342;-3,31;16;433,00000;151199,00;"EUR";"EUR"
"XLJU";"PETG";"SI0031102153";"2018-08-07";"CT";362,00;363,00;361,00;362,00;361,87637362637;0,56;18;364,00000;131723,00;"EUR";"EUR"
"XLJU";"PETG";"SI0031102153";"2018-08-06";"CT";364,00;364,00;360,00;360,00;362,83073929961;-0,55;34;1542,00000;559485,00;"EUR";"EUR"
"XLJU";"PETG";"SI0031102153";"2018-08-03";"CT";363,00;363,00;361,00;362,00;362,00833333333;0,28;11;120,00000;43441,00;"EUR";"EUR"
"XLJU";"PETG";"SI0031102153";"2018-08-02";"CT";362,00;365,00;361,00;361,00;364,64431486880;-0,55;17;343,00000;125073,00;"EUR";"EUR"
"XLJU";"PETG";"SI0031102153";"2018-08-01";"CT";362,00;363,00;362,00;363,00;362,83070866142;0,28;11;254,00000;92159,00;"EUR";"EUR"
"XLJU";"PETG";"SI0031102153";"2018-07-31";"CT";360,00;362,00;360,00;362,00;361,26984126984;0,56;8;63,00000;22760,00;"EUR";"EUR"
"XLJU";"PETG";"SI0031102153";"2018-07-30";"CT";361,00;361,00;360,00;360,00;360,30827067669;-0,28;9;133,00000;47921,00;"EUR";"EUR"
"XLJU";"PETG";"SI0031102153";"2018-07-27";"CT";360,00;361,00;360,00;361,00;360,73943661972;0,00;11;142,00000;51225,00;"EUR";"EUR"
"XLJU";"PETG";"SI0031102153";"2018-07-26";"CT";360,00;362,00;360,00;361,00;361,19480519481;-0,28;9;77,00000;27812,00;"EUR";"EUR"
"XLJU";"PETG";"SI0031102153";"2018-07-25";"CT";360,00;362,00;360,00;362,00;360,03846153846;-0,28;19;156,00000;56166,00;"EUR";"EUR"
"XLJU";"PETG";"SI0031102153";"2018-07-24";"CT";358,00;363,00;358,00;363,00;360,31343283582;1,40;8;67,00000;24141,00;"EUR";"EUR"
"XLJU";"PETG";"SI0031102153";"2018-07-23";"CT";357,00;365,00;355,00;358,00;356,53614457831;0,00;13;166,00000;59185,00;"EUR";"EUR"
"XLJU";"PETG";"SI0031102153";"2018-07-20";"CT";359,00;365,00;358,00;358,00;360,98148148148;-0,83;22;162,00000;58479,00;"EUR";"EUR"
"XLJU";"PETG";"SI0031102153";"2018-07-19";"CT";362,00;363,00;361,00;361,00;362,16666666667;0,28;10;36,00000;13038,00;"EUR";"EUR"
"XLJU";"PETG";"SI0031102153";"2018-07-18";"CT";355,00;360,00;355,00;360,00;359,59375000000;0,28;10;64,00000;23014,00;"EUR";"EUR"
"XLJU";"PETG";"SI0031102153";"2018-07-17";"CT";353,00;359,00;353,00;359,00;357,19898819562;1,70;15;593,00000;211819,00;"EUR";"EUR"
"XLJU";"PETG";"SI0031102153";"2018-07-16";"CT";351,00;356,00;351,00;353,00;354,61797752809;0,57;11;89,00000;31561,00;"EUR";"EUR"
"XLJU";"PETG";"SI0031102153";"2018-07-13";"CT";351,00;351,00;351,00;351,00;351,00000000000;0,29;5;56,00000;19656,00;"EUR";"EUR"
"XLJU";"PETG";"SI0031102153";"2018-07-12";"CT";354,00;355,00;350,00;350,00;352,31451612903;-0,28;16;248,00000;87374,00;"EUR";"EUR"
"XLJU";"PETG";"SI0031102153";"2018-07-11";"CT";355,00;355,00;351,00;351,00;351,14117647059;-0,57;10;170,00000;59694,00;"EUR";"EUR"
"XLJU";"PETG";"SI0031102153";"2018-07-10";"CT";341,00;353,00;341,00;353,00;349,68250539957;2,32;11;463,00000;161903,00;"EUR";"EUR"
"XLJU";"PETG";"SI0031102153";"2018-07-09";"CT";347,00;348,00;345,00;345,00;347,20241691843;-0,58;8;331,00000;114924,00;"EUR";"EUR"
"XLJU";"PETG";"SI0031102153";"2018-07-06";"CT";349,00;349,00;347,00;347,00;348,01117318436;1,76;9;358,00000;124588,00;"EUR";"EUR"
"XLJU";"PETG";"SI0031102153";"2018-07-05";"CT";342,00;342,00;340,00;341,00;340,45454545455;0,29;6;44,00000;14980,00;"EUR";"EUR"
"XLJU";"PETG";"SI0031102153";"2018-07-04";"CT";342,00;344,00;340,00;340,00;340,84632034632;0,29;16;462,00000;157471,00;"EUR";"EUR"
"XLJU";"PETG";"SI0031102153";"2018-07-03";"CT";340,00;340,00;339,00;339,00;339,99042407661;-1,17;36;731,00000;248533,00;"EUR";"EUR"
"XLJU";"PETG";"SI0031102153";"2018-07-02";"CT";350,00;350,00;335,00;343,00;342,40944881890;-1,72;25;254,00000;86972,00;"EUR";"EUR"
"XLJU";"PETG";"SI0031102153";"2018-06-29";"CT";344,00;349,00;344,00;349,00;347,37142857143;1,45;4;35,00000;12158,00;"EUR";"EUR"
"XLJU";"PETG";"SI0031102153";"2018-06-28";"CT";344,00;344,00;343,00;344,00;343,96875000000;0,29;5;64,00000;22014,00;"EUR";"EUR"
"XLJU";"PETG";"SI0031102153";"2018-06-27";"CT";342,00;343,00;342,00;343,00;342,58333333333;0,29;2;12,00000;4111,00;"EUR";"EUR"
"XLJU";"PETG";"SI0031102153";"2018-06-26";"CT";345,00;345,00;342,00;342,00;343,62304250559;-1,44;15;894,00000;307199,00;"EUR";"EUR"
"XLJU";"PETG";"SI0031102153";"2018-06-22";"CT";343,00;348,00;343,00;347,00;346,87935034803;-0,29;13;431,00000;149505,00;"EUR";"EUR"
"XLJU";"PETG";"SI0031102153";"2018-06-21";"CT";345,00;348,00;345,00;348,00;346,70952380952;0,87;15;210,00000;72809,00;"EUR";"EUR"
"XLJU";"PETG";"SI0031102153";"2018-06-20";"CT";344,00;349,00;344,00;345,00;344,77070063694;0,29;7;157,00000;54129,00;"EUR";"EUR"
"XLJU";"PETG";"SI0031102153";"2018-06-19";"CT";343,00;345,00;343,00;344,00;343,47058823529;-0,29;8;68,00000;23356,00;"EUR";"EUR"
"XLJU";"PETG";"SI0031102153";"2018-06-18";"CT";347,00;347,00;343,00;345,00;345,52941176471;-0,86;22;272,00000;93984,00;"EUR";"EUR"
"XLJU";"PETG";"SI0031102153";"2018-06-15";"CT";345,00;349,00;345,00;348,00;347,20443740095;0,87;11;631,00000;219086,00;"EUR";"EUR"
"XLJU";"PETG";"SI0031102153";"2018-06-14";"CT";343,00;348,00;343,00;345,00;344,99720279720;0,29;18;715,00000;246673,00;"EUR";"EUR"
"XLJU";"PETG";"SI0031102153";"2018-06-13";"CT";348,00;348,00;343,00;344,00;346,50000000000;0,00;8;44,00000;15246,00;"EUR";"EUR"
"XLJU";"PETG";"SI0031102153";"2018-06-12";"CT";341,00;345,00;340,00;344,00;342,18401937046;1,18;18;413,00000;141322,00;"EUR";"EUR"
"XLJU";"PETG";"SI0031102153";"2018-06-11";"CT";340,00;350,00;339,00;340,00;342,36185819071;0,29;30;409,00000;140026,00;"EUR";"EUR"
"XLJU";"PETG";"SI0031102153";"2018-06-11";"BLOCK";;339,00;339,00;339,00;339,00000000000;;2;1500,00000;508500,00;"EUR";"EUR"
"XLJU";"PETG";"SI0031102153";"2018-06-08";"CT";340,00;342,00;339,00;339,00;339,27445855116;-0,29;43;2678,00000;908577,00;"EUR";"EUR"
"XLJU";"PETG";"SI0031102153";"2018-06-07";"CT";345,00;345,00;339,00;340,00;341,02528901734;-2,02;42;1384,00000;471979,00;"EUR";"EUR"
"XLJU";"PETG";"SI0031102153";"2018-06-06";"CT";344,00;347,00;343,00;347,00;346,58355437666;1,76;10;377,00000;130662,00;"EUR";"EUR"
"XLJU";"PETG";"SI0031102153";"2018-06-05";"CT";350,00;350,00;341,00;341,00;342,38434163701;0,29;33;562,00000;192420,00;"EUR";"EUR"
"XLJU";"PETG";"SI0031102153";"2018-06-04";"CT";348,00;348,00;340,00;340,00;345,96103896104;-2,02;22;539,00000;186473,00;"EUR";"EUR"
"XLJU";"PETG";"SI0031102153";"2018-06-01";"CT";345,00;348,00;345,00;347,00;347,15053763441;3,58;6;93,00000;32285,00;"EUR";"EUR"
"XLJU";"PETG";"SI0031102153";"2018-05-31";"CT";345,00;348,00;335,00;335,00;337,91617647059;-2,90;41;680,00000;229783,00;"EUR";"EUR"
"XLJU";"PETG";"SI0031102153";"2018-05-30";"CT";348,00;351,00;345,00;345,00;348,68300653595;-1,43;28;918,00000;320091,00;"EUR";"EUR"
"XLJU";"PETG";"SI0031102153";"2018-05-29";"CT";352,00;352,00;349,00;350,00;349,98611111111;-0,28;25;792,00000;277189,00;"EUR";"EUR"
"XLJU";"PETG";"SI0031102153";"2018-05-28";"CT";352,00;353,00;351,00;351,00;351,64102564103;-0,28;22;585,00000;205710,00;"EUR";"EUR"
"XLJU";"PETG";"SI0031102153";"2018-05-25";"CT";354,00;357,00;352,00;352,00;352,26829268293;-0,28;21;779,00000;274417,00;"EUR";"EUR"
"XLJU";"PETG";"SI0031102153";"2018-05-24";"CT";357,00;358,00;353,00;353,00;356,97359735974;-1,12;17;303,00000;108163,00;"EUR";"EUR"
"XLJU";"PETG";"SI0031102153";"2018-05-23";"CT";355,00;357,00;355,00;357,00;355,44615384615;0,00;19;260,00000;92416,00;"EUR";"EUR"
"XLJU";"PETG";"SI0031102153";"2018-05-22";"CT";357,00;358,00;355,00;357,00;356,91652754591;0,00;18;599,00000;213793,00;"EUR";"EUR"
"XLJU";"PETG";"SI0031102153";"2018-05-21";"CT";358,00;360,00;355,00;357,00;356,81041666667;0,00;17;480,00000;171269,00;"EUR";"EUR"
"XLJU";"PETG";"SI0031102153";"2018-05-18";"CT";353,00;359,00;353,00;357,00;356,20485584219;1,13;22;659,00000;234739,00;"EUR";"EUR"
"XLJU";"PETG";"SI0031102153";"2018-05-17";"CT";354,00;355,00;348,00;353,00;352,33289299868;-0,56;34;757,00000;266716,00;"EUR";"EUR"
"XLJU";"PETG";"SI0031102153";"2018-05-16";"CT";354,00;355,00;354,00;355,00;354,96287703016;0,28;15;431,00000;152989,00;"EUR";"EUR"
"XLJU";"PETG";"SI0031102153";"2018-05-15";"CT";353,00;360,00;350,00;354,00;357,17322834646;0,28;14;127,00000;45361,00;"EUR";"EUR"
"XLJU";"PETG";"SI0031102153";"2018-05-14";"CT";357,00;360,00;353,00;353,00;353,49187935035;0,00;17;431,00000;152355,00;"EUR";"EUR"
"XLJU";"PETG";"SI0031102153";"2018-05-11";"CT";352,00;364,00;352,00;353,00;354,84654300169;0,57;33;593,00000;210424,00;"EUR";"EUR"
"XLJU";"PETG";"SI0031102153";"2018-05-10";"CT";352,00;352,00;351,00;351,00;351,84444444444;-0,57;11;90,00000;31666,00;"EUR";"EUR"
"XLJU";"PETG";"SI0031102153";"2018-05-09";"CT";351,00;355,00;351,00;353,00;352,70752089136;0,86;19;359,00000;126622,00;"EUR";"EUR"
"XLJU";"PETG";"SI0031102153";"2018-05-08";"CT";350,00;355,00;350,00;350,00;352,39473684211;-0,85;7;114,00000;40173,00;"EUR";"EUR"
"XLJU";"PETG";"SI0031102153";"2018-05-07";"CT";351,00;353,00;350,00;353,00;352,73913043478;0,57;11;368,00000;129808,00;"EUR";"EUR"
"XLJU";"PETG";"SI0031102153";"2018-05-04";"CT";350,00;355,00;350,00;351,00;353,03553299492;0,57;15;197,00000;69548,00;"EUR";"EUR"
"XLJU";"PETG";"SI0031102153";"2018-05-03";"CT";348,00;355,00;348,00;349,00;350,84536082474;-0,29;10;97,00000;34032,00;"EUR";"EUR"
"XLJU";"PETG";"SI0031102153";"2018-04-30";"CT";349,00;350,00;349,00;350,00;349,66666666667;-0,85;2;3,00000;1049,00;"EUR";"EUR"
"XLJU";"PETG";"SI0031102153";"2018-04-26";"CT";355,00;355,00;349,00;353,00;352,70901639344;0,00;11;488,00000;172122,00;"EUR";"EUR"
"XLJU";"PETG";"SI0031102153";"2018-04-25";"CT";347,00;353,00;347,00;353,00;352,02343750000;1,73;9;256,00000;90118,00;"EUR";"EUR"
"XLJU";"PETG";"SI0031102153";"2018-04-24";"CT";346,00;350,00;346,00;347,00;348,72052401747;-0,86;9;229,00000;79857,00;"EUR";"EUR"
"XLJU";"PETG";"SI0031102153";"2018-04-23";"CT";347,00;350,00;347,00;350,00;349,95488721805;1,16;11;532,00000;186176,00;"EUR";"EUR"
"XLJU";"PETG";"SI0031102153";"2018-04-20";"CT";348,00;356,00;346,00;346,00;348,44122657581;-1,14;26;587,00000;204535,00;"EUR";"EUR"
"XLJU";"PETG";"SI0031102153";"2018-04-19";"CT";353,00;353,00;348,00;350,00;350,62457337884;-0,57;26;879,00000;308199,00;"EUR";"EUR"
"XLJU";"PETG";"SI0031102153";"2018-04-18";"CT";350,00;353,00;350,00;352,00;350,83809523810;0,86;20;210,00000;73676,00;"EUR";"EUR"
"XLJU";"PETG";"SI0031102153";"2018-04-17";"CT";350,00;355,00;349,00;349,00;350,05615292712;-0,29;21;837,00000;292997,00;"EUR";"EUR"
"XLJU";"PETG";"SI0031102153";"2018-04-16";"CT";350,00;351,00;349,00;350,00;349,50518378888;0,00;30;2122,00000;741650,00;"EUR";"EUR"
"XLJU";"PETG";"SI0031102153";"2018-04-13";"CT";351,00;354,00;350,00;350,00;351,24879227053;0,00;21;414,00000;145417,00;"EUR";"EUR"
"XLJU";"PETG";"SI0031102153";"2018-04-12";"CT";352,00;352,00;350,00;350,00;351,00426136364;-0,28;26;704,00000;247107,00;"EUR";"EUR"
"XLJU";"PETG";"SI0031102153";"2018-04-11";"CT";350,00;351,00;349,00;351,00;350,12612612613;0,00;11;222,00000;77728,00;"EUR";"EUR"
"XLJU";"PETG";"SI0031102153";"2018-04-10";"CT";349,00;353,00;349,00;351,00;350,03180212014;0,86;9;283,00000;99059,00;"EUR";"EUR"
"XLJU";"PETG";"SI0031102153";"2018-04-09";"CT";348,00;350,00;348,00;348,00;349,13541666667;-0,57;15;96,00000;33517,00;"EUR";"EUR"
"XLJU";"PETG";"SI0031102153";"2018-04-06";"CT";350,00;351,00;349,00;350,00;350,01618122977;0,00;20;618,00000;216310,00;"EUR";"EUR"
"XLJU";"PETG";"SI0031102153";"2018-04-05";"CT";350,00;350,00;348,00;350,00;349,58995815900;0,00;5;239,00000;83552,00;"EUR";"EUR"
"XLJU";"PETG";"SI0031102153";"2018-04-04";"CT";350,00;354,00;350,00;350,00;351,04968944099;0,57;15;644,00000;226076,00;"EUR";"EUR"
"XLJU";"PETG";"SI0031102153";"2018-04-03";"CT";355,00;355,00;346,00;348,00;348,65799256506;0,00;28;538,00000;187578,00;"EUR";"EUR"
"XLJU";"PETG";"SI0031102153";"2018-03-29";"CT";347,00;352,00;347,00;348,00;348,93736501080;-0,85;16;463,00000;161558,00;"EUR";"EUR"
"XLJU";"PETG";"SI0031102153";"2018-03-28";"CT";351,00;355,00;350,00;351,00;351,37982195846;-1,13;25;674,00000;236830,00;"EUR";"EUR"
"XLJU";"PETG";"SI0031102153";"2018-03-27";"CT";356,00;356,00;351,00;355,00;355,20560747664;-0,28;11;107,00000;38007,00;"EUR";"EUR"
"XLJU";"PETG";"SI0031102153";"2018-03-26";"CT";352,00;356,00;350,00;356,00;353,53146853147;1,14;22;429,00000;151665,00;"EUR";"EUR"
"XLJU";"PETG";"SI0031102153";"2018-03-23";"CT";353,00;353,00;350,00;352,00;351,50381679389;-1,40;10;131,00000;46047,00;"EUR";"EUR"
"XLJU";"PETG";"SI0031102153";"2018-03-22";"CT";351,00;357,00;351,00;357,00;354,06756756757;1,42;11;74,00000;26201,00;"EUR";"EUR"
"XLJU";"PETG";"SI0031102153";"2018-03-21";"CT";355,00;357,00;350,00;352,00;354,19323671498;-0,85;20;207,00000;73318,00;"EUR";"EUR"
"XLJU";"PETG";"SI0031102153";"2018-03-20";"CT";357,00;357,00;351,00;355,00;354,97560975610;-0,56;16;205,00000;72770,00;"EUR";"EUR"
"XLJU";"PETG";"SI0031102153";"2018-03-19";"CT";359,00;359,00;351,00;357,00;355,58407079646;0,28;21;226,00000;80362,00;"EUR";"EUR"
"XLJU";"PETG";"SI0031102153";"2018-03-19";"BLOCK";;350,00;350,00;350,00;350,00000000000;;1;14000,00000;4900000,00;"EUR";"EUR"
"XLJU";"PETG";"SI0031102153";"2018-03-16";"CT";354,00;356,00;351,00;356,00;354,84845005741;0,28;14;871,00000;309073,00;"EUR";"EUR"
"XLJU";"PETG";"SI0031102153";"2018-03-15";"CT";348,00;357,00;347,00;355,00;355,31875000000;-0,28;21;320,00000;113702,00;"EUR";"EUR"
"XLJU";"PETG";"SI0031102153";"2018-03-14";"CT";351,00;357,00;351,00;356,00;352,87663755459;0,85;16;1832,00000;646470,00;"EUR";"EUR"
"XLJU";"PETG";"SI0031102153";"2018-03-13";"CT";348,00;353,00;348,00;353,00;349,72510231924;1,44;30;1466,00000;512697,00;"EUR";"EUR"
"XLJU";"PETG";"SI0031102153";"2018-03-12";"CT";346,00;348,00;345,00;348,00;345,74358974359;0,58;8;39,00000;13484,00;"EUR";"EUR"
"XLJU";"PETG";"SI0031102153";"2018-03-09";"CT";345,00;347,00;344,00;346,00;345,23728813559;-0,29;17;295,00000;101845,00;"EUR";"EUR"
"XLJU";"PETG";"SI0031102153";"2018-03-08";"CT";345,00;348,00;344,00;347,00;345,60493827160;0,00;18;324,00000;111976,00;"EUR";"EUR"
"XLJU";"PETG";"SI0031102153";"2018-03-07";"CT";342,00;347,00;342,00;347,00;344,97082228117;1,76;22;377,00000;130054,00;"EUR";"EUR"
"XLJU";"PETG";"SI0031102153";"2018-03-06";"CT";340,00;341,00;339,00;341,00;340,89058524173;0,59;12;393,00000;133970,00;"EUR";"EUR"
"XLJU";"PETG";"SI0031102153";"2018-03-05";"CT";340,00;340,00;337,00;339,00;339,28301886792;-0,29;19;159,00000;53946,00;"EUR";"EUR"
"XLJU";"PETG";"SI0031102153";"2018-03-02";"CT";340,00;347,00;340,00;340,00;341,60714285714;0,00;9;28,00000;9565,00;"EUR";"EUR"
"XLJU";"PETG";"SI0031102153";"2018-03-01";"CT";340,00;343,00;340,00;340,00;340,08863198459;0,00;12;519,00000;176506,00;"EUR";"EUR"
"XLJU";"PETG";"SI0031102153";"2018-02-28";"CT";341,00;341,00;340,00;340,00;340,58000000000;0,00;10;100,00000;34058,00;"EUR";"EUR"
"XLJU";"PETG";"SI0031102153";"2018-02-27";"CT";342,00;342,00;339,00;340,00;340,38613861386;-0,29;7;404,00000;137516,00;"EUR";"EUR"
"XLJU";"PETG";"SI0031102153";"2018-02-26";"CT";341,00;341,00;339,00;341,00;340,32547169811;-0,29;12;212,00000;72149,00;"EUR";"EUR"
"XLJU";"PETG";"SI0031102153";"2018-02-23";"CT";343,00;348,00;341,00;342,00;342,28975265018;-0,29;15;283,00000;96868,00;"EUR";"EUR"
"XLJU";"PETG";"SI0031102153";"2018-02-22";"CT";342,00;343,00;342,00;343,00;342,15000000000;0,59;5;20,00000;6843,00;"EUR";"EUR"
"XLJU";"PETG";"SI0031102153";"2018-02-21";"CT";342,00;345,00;340,00;341,00;341,91935483871;-0,29;19;248,00000;84796,00;"EUR";"EUR"
"XLJU";"PETG";"SI0031102153";"2018-02-20";"CT";340,00;345,00;340,00;342,00;343,85632183908;-1,44;13;174,00000;59831,00;"EUR";"EUR"
"XLJU";"PETG";"SI0031102153";"2018-02-19";"CT";339,00;347,00;337,00;347,00;340,04901960784;2,06;34;510,00000;173425,00;"EUR";"EUR"
"XLJU";"PETG";"SI0031102153";"2018-02-16";"CT";340,00;343,00;340,00;340,00;340,86538461538;0,29;10;104,00000;35450,00;"EUR";"EUR"
"XLJU";"PETG";"SI0031102153";"2018-02-15";"CT";339,00;340,00;339,00;339,00;339,58041958042;-0,29;11;143,00000;48560,00;"EUR";"EUR"
"XLJU";"PETG";"SI0031102153";"2018-02-14";"CT";343,00;348,00;339,00;340,00;340,19540229885;0,00;19;348,00000;118388,00;"EUR";"EUR"
"XLJU";"PETG";"SI0031102153";"2018-02-13";"CT";340,00;345,00;339,00;340,00;340,87197231834;-2,86;18;289,00000;98512,00;"EUR";"EUR"
"XLJU";"PETG";"SI0031102153";"2018-02-12";"CT";338,00;350,00;338,00;350,00;342,75257731959;2,64;26;97,00000;33247,00;"EUR";"EUR"
"XLJU";"PETG";"SI0031102153";"2018-02-09";"CT";342,00;343,00;338,00;341,00;340,32743362832;-0,87;48;452,00000;153828,00;"EUR";"EUR"
"XLJU";"PETG";"SI0031102153";"2018-02-07";"CT";344,00;348,00;343,00;344,00;344,62679425837;-0,29;33;209,00000;72027,00;"EUR";"EUR"
"XLJU";"PETG";"SI0031102153";"2018-02-06";"CT";348,00;348,00;343,00;345,00;346,25149700599;-0,86;23;334,00000;115648,00;"EUR";"EUR"
"XLJU";"PETG";"SI0031102153";"2018-02-05";"CT";350,00;350,00;348,00;348,00;349,93442622951;-1,14;16;244,00000;85384,00;"EUR";"EUR"
"XLJU";"PETG";"SI0031102153";"2018-02-02";"CT";353,00;354,00;352,00;352,00;352,31111111111;-0,28;12;135,00000;47562,00;"EUR";"EUR"
"XLJU";"PETG";"SI0031102153";"2018-02-01";"CT";351,00;353,00;350,00;353,00;352,79264214047;0,00;16;598,00000;210970,00;"EUR";"EUR"
"XLJU";"PETG";"SI0031102153";"2018-01-31";"CT";351,00;353,00;351,00;353,00;352,74358974359;0,86;8;39,00000;13757,00;"EUR";"EUR"
"XLJU";"PETG";"SI0031102153";"2018-01-30";"CT";349,00;351,00;348,00;350,00;350,23589743590;-0,57;24;975,00000;341480,00;"EUR";"EUR"
"XLJU";"PETG";"SI0031102153";"2018-01-29";"CT";357,00;358,00;350,00;352,00;352,66891891892;0,00;5;148,00000;52195,00;"EUR";"EUR"
"XLJU";"PETG";"SI0031102153";"2018-01-26";"CT";350,00;354,00;349,00;352,00;350,79054054054;0,57;22;444,00000;155751,00;"EUR";"EUR"
"XLJU";"PETG";"SI0031102153";"2018-01-25";"CT";349,00;353,00;349,00;350,00;350,19645732689;0,29;26;621,00000;217472,00;"EUR";"EUR"
"XLJU";"PETG";"SI0031102153";"2018-01-24";"CT";350,00;354,00;349,00;349,00;352,51807228916;-0,85;17;166,00000;58518,00;"EUR";"EUR"
"XLJU";"PETG";"SI0031102153";"2018-01-23";"CT";349,00;354,00;349,00;352,00;350,73225152130;0,57;20;493,00000;172911,00;"EUR";"EUR"
"XLJU";"PETG";"SI0031102153";"2018-01-22";"CT";357,00;357,00;348,00;350,00;350,63573883162;-1,69;21;291,00000;102035,00;"EUR";"EUR"
"XLJU";"PETG";"SI0031102153";"2018-01-19";"CT";353,00;358,00;353,00;356,00;354,35789473684;0,85;14;190,00000;67328,00;"EUR";"EUR"
"XLJU";"PETG";"SI0031102153";"2018-01-18";"CT";351,00;355,00;351,00;353,00;353,33898305085;-0,28;23;295,00000;104235,00;"EUR";"EUR"
"XLJU";"PETG";"SI0031102153";"2018-01-17";"CT";350,00;354,00;350,00;354,00;352,62706270627;1,14;20;303,00000;106846,00;"EUR";"EUR"
"XLJU";"PETG";"SI0031102153";"2018-01-16";"CT";352,00;353,00;349,00;350,00;349,94845360825;-0,85;14;97,00000;33945,00;"EUR";"EUR"
"XLJU";"PETG";"SI0031102153";"2018-01-15";"CT";347,00;354,00;346,00;353,00;348,91345249294;1,44;28;1063,00000;370895,00;"EUR";"EUR"
"XLJU";"PETG";"SI0031102153";"2018-01-12";"CT";347,00;354,00;345,00;348,00;346,14880952381;0,29;21;2856,00000;988601,00;"EUR";"EUR"
"XLJU";"PETG";"SI0031102153";"2018-01-11";"CT";350,00;350,00;345,00;347,00;347,92227042661;-0,86;21;2766,00000;962353,00;"EUR";"EUR"
"XLJU";"PETG";"SI0031102153";"2018-01-10";"CT";346,00;350,00;346,00;350,00;349,70000000000;0,57;10;110,00000;38467,00;"EUR";"EUR"
"XLJU";"PETG";"SI0031102153";"2018-01-09";"CT";349,00;349,00;343,00;348,00;346,59756097561;0,87;11;82,00000;28421,00;"EUR";"EUR"
"XLJU";"PETG";"SI0031102153";"2018-01-08";"CT";344,00;348,00;342,00;345,00;344,90282131661;0,00;13;319,00000;110024,00;"EUR";"EUR"
"XLJU";"PETG";"SI0031102153";"2018-01-05";"CT";342,00;345,00;341,00;345,00;343,14814814815;0,88;16;351,00000;120445,00;"EUR";"EUR"
"XLJU";"PETG";"SI0031102153";"2018-01-04";"CT";344,00;345,00;342,00;342,00;343,59223300971;-0,29;14;103,00000;35390,00;"EUR";"EUR"
"XLJU";"PETG";"SI0031102153";"2018-01-03";"CT";342,00;343,00;340,00;343,00;340,80000000000;;8;50,00000;17040,00;"EUR";"EUR"
